,x
1,Serbp1
2,Tpt1
3,Hmgb2
4,Mdk
5,Sox11
6,Eif2s2
7,Hnrnpm
8,Gpc3
9,Ywhae
10,Nap1l1
11,Nasp
12,Xist
13,Ftl1
14,Hnrnpa1
15,Pdap1
16,Tuba1b
17,Top1
18,Ranbp1
19,Nedd4
20,Srsf3
21,Ran
22,Dek
23,Hnrnpu
24,Anp32b
25,Marcks
26,Snrpe
27,Cbx1
28,Cbx3
29,Sem1
30,Hnrnpab
31,Peg3
32,Atp5k
33,Rbm39
34,Tceal9
35,Prdx2
36,Dynll1
37,Son
38,Eef1g
39,Srrm2
40,Gas5
41,Eif4a1
42,Atp5e
43,St13
44,Gng5
45,Ndufa4
46,Prpf4b
47,Nucks1
48,Top2a
49,Hmga2
50,Gm10076
51,Dnaja1
52,Calm2
53,Sumo2
54,Mest
55,Nsa2
56,Atpif1
57,Snrpf
58,Eif5b
59,Cox8a
60,Psma7
61,Prdx1
62,Slc38a2
63,Elob
64,Prrc2c
65,Sub1
66,Kcnq1ot1
67,Cfl1
68,Ccnd2
69,Nnat
70,Tcf4
71,Atp5b
72,Tut4
73,Ssb
74,Atp5h
75,Dync1i2
76,Marcksl1
77,Fubp1
78,Hmgn2
79,Pclaf
80,Fkbp3
81,Rdx
82,Atp5j2
83,Hmgb3
84,Meg3
85,Hint1
86,Cald1
87,Chd4
88,Atp5md
89,Pkm
90,Cdkn1c
91,Pdia3
92,Snrpd1
93,Eif5a
94,Hnrnpc
95,Skp1a
96,Rbm25
97,Cox7a2
98,Basp1
99,Atp5j
100,Nisch
101,Atrx
102,Slc25a4
103,Dstn
104,Fus
105,Eef2
106,Uqcrh
107,Eif3a
108,Arglu1
109,Dhx9
110,Snrpd2
111,Calm1
112,Smarca5
113,Nedd8
114,Pdia6
115,Srrm1
116,Atp5g2
117,Hnrnpd
118,Ndufb1-ps
119,Ttc3
120,Eif4g2
121,Thoc7
122,Atxn7l3b
123,Nme1
124,H2afv
125,Tomm7
126,Atp5l
127,Tra2b
128,Snrnp70
129,Snrpd3
130,Cbx5
131,Srsf2
132,Uba52
133,H2afy
134,Psip1
135,Hnrnph1
136,Atp5mpl
137,Cct6a
138,Anp32a
139,Dbi
140,Hnrnpf
141,Fxr1
142,Fabp5
143,Ndufc1
144,Zfhx3
145,Tma7
146,Pfdn5
147,Caprin1
148,Atp5a1
149,Eif3c
150,Smarcc1
151,Vcan
152,Rsrc2
153,Taf1d
154,Srsf7
155,Pdcd5
156,Ptges3
157,Csnk1a1
158,Rbm3
159,Scd2
160,Eif3j1
161,Cox6b1
162,Eef1d
163,Psmc3
164,Sarnp
165,Metap2
166,Hnrnpdl
167,Rbx1
168,Slc25a3
169,Bclaf1
170,Tuba1a
171,Sox4
172,Igf2
173,Ezh2
174,Col3a1
175,Aimp1
176,Cct2
177,Hnrnpa0
178,Srsf11
179,Cox7b
180,Sec61b
181,Twist1
182,Tmpo
183,Pnn
184,Auts2
185,Tpm4
186,Col1a2
187,Bzw1
188,Knop1
189,Cox5b
190,Serpinh1
191,Cdk4
192,Atp5o
193,Acin1
194,Ywhaq
195,Serf1
196,Tbca
197,Txn1
198,Grb10
199,Ndufa2
200,Myl6
201,Ccdc34
202,Sf3b1
203,Tpm3
204,Pdia4
205,Anp32e
206,Cox5a
207,Prmt1
208,Khdrbs1
209,Cct3
210,Hnrnpr
211,Srsf10
212,Nop58
213,Lsm5
214,Sfr1
215,Eif3e
216,Bzw2
217,Atp5g1
218,Rrbp1
219,Nmt1
220,Pebp1
221,Ppp1r14b
222,Snrpb
223,Rbbp4
224,Dhx15
225,Atp5c1
226,Bex3
227,Psma3
228,Pcbp1
229,Eif3k
230,Cct5
231,Csrp2
232,Grcc10
233,Ube2s
234,Ddx39b
235,Uqcr11
236,Tcp1
237,Ndufc2
238,Scaf11
239,Mtdh
240,Eny2
241,Tcf12
242,Pabpn1
243,Sh3bgrl
244,Micos10
245,Sf3b2
246,Ankrd11
247,Uqcr10
248,Canx
249,Tardbp
250,Ndufa7
251,Pfdn1
252,Eif3f
253,Cct8
254,Ddah2
255,Tnrc6a
256,Rtf1
257,Mcm7
258,Cdc42
259,Lig1
260,Lmo4
261,Dnajc8
262,Csde1
263,Atp5g3
264,Psmc6
265,Brd3
266,Sept7
267,Hist1h2ae
268,Cct7
269,Smarce1
270,Cd24a
271,Hdgf
272,Ndufb9
273,Rfc1
274,G3bp1
275,Rnps1
276,Zfhx4
277,Tle4
278,Atp5d
279,Ywhab
280,H2afy2
281,Ube2i
282,Hist1h1b
283,Hp1bp3
284,Selenoh
285,Ctnnb1
286,Smc1a
287,Park7
288,Dut
289,Smc3
290,Trim28
291,Cfdp1
292,Meis2
293,Cdv3
294,Snrnp27
295,Pbrm1
296,Ubl5
297,U2surp
298,Pomp
299,Baz1b
300,Thrap3
301,Arpp19
302,Ndufa12
303,Prpf40a
304,Uqcrq
305,Eif4g1
306,Psmb3
307,Ccnd1
308,Gm1673
309,Psma2
310,Spcs2
311,Cnot3
312,Uqcrb
313,Cks1b
314,Paip2
315,Top2b
316,Ndufa3
317,Cenpf
318,Ilf2
319,Ndufa13
320,Luc7l2
321,Smc2
322,Dnajb6
323,Ndufab1
324,Tra2a
325,Matr3
326,Pfn1
327,Cdc37
328,Rbm8a
329,Fkbp4
330,Psmd4
331,Psmc1
332,Psmb1
333,Tomm20
334,Dlk1
335,Apex1
336,Bcas2
337,Cacybp
338,Xrn2
339,Hnrnpl
340,U2af1
341,Polr2m
342,Nudc
343,Syncrip
344,Ubap2l
345,Luc7l3
346,Psmb6
347,Llph
348,Zranb2
349,Mki67
350,Mir100hg
351,Barx1
352,Arl6ip1
353,Igfbp4
354,Nktr
355,Phip
356,Snu13
357,Rcc2
358,Rpn1
359,Gnb1
360,Fnbp1l
361,2810004N23Rik
362,Ptms
363,Ndufs5
364,Rtraf
365,Romo1
366,Ndufaf2
367,Cnbp
368,Myh10
369,Ifitm2
370,Rbbp7
371,Ssbp3
372,Maged1
373,Srsf1
374,Psmd7
375,Psma4
376,Ppp1ca
377,Ube2d3
378,Morf4l2
379,Gnai2
380,Pbx1
381,Huwe1
382,Pnisr
383,Sf3b6
384,Nop10
385,Eif3h
386,Cd63
387,Pdcd4
388,Clta
389,Rsl1d1
390,Alyref
391,Eno1
392,Bex2
393,Ptbp2
394,Eid1
395,Nr2f1
396,Cdh11
397,Tia1
398,Nop56
399,Eif3m
400,Eif1ax
401,Pgam1
402,Mrfap1
403,Dctn4
404,Ccar1
405,Ythdc1
406,G3bp2
407,Ewsr1
408,Gja1
409,Flna
410,Ndufb8
411,Magoh
412,Srsf6
413,Bptf
414,Kdm1a
415,Rfc3
416,Ncor1
417,Ube2k
418,Ddx1
419,Chd3
420,Rtn4
421,Id3
422,Crabp2
423,Nr2f2
424,Fam133b
425,Ddx18
426,Sms
427,Ptov1
428,Nudcd3
429,Pcna
430,Cycs
431,Dnmt1
432,Cct4
433,Smarca4
434,Ubxn1
435,Lpar1
436,Myef2
437,Snw1
438,Slc25a5
439,Lmnb1
440,Polr2k
441,Srsf5
442,Glrx3
443,Mfap2
444,Ddx24
445,Crabp1
446,Psmb4
447,Ndufb7
448,Ppig
449,Zmat2
450,Thoc1
451,Cks2
452,Esf1
453,Banf1
454,Psmb2
455,Macf1
456,Swi5
457,Zfp266
458,Ssrp1
459,Wbp11
460,Tmem167
461,Parp1
462,Eml4
463,Nsd1
464,Cebpz
465,C1qbp
466,Hdac2
467,Aamp
468,Hells
469,Uqcc2
470,Zfp207
471,Bcl11a
472,D8Ertd738e
473,Tecr
474,Ddx46
475,Clk1
476,Manf
477,Rcn2
478,Psma1
479,Smc6
480,P4hb
481,Ssbp1
482,Psmb5
483,Snrpb2
484,Sinhcaf
485,Psma5
486,Tm9sf3
487,Gsk3b
488,Gas1
489,Snrpc
490,Qk
491,Pafah1b1
492,H2afx
493,Srsf9
494,Gpx4
495,Gtf2h5
496,Cpsf6
497,Tsc22d1
498,Ppp1cc
499,Nap1l4
500,Tpi1
501,Kif5b
502,Zcrb1
503,Psmd2
504,Gspt1
505,Sltm
506,Brd7
507,Ube2e3
508,Pa2g4
509,Ndufb5
510,Ddx3x
511,Denr
512,Rwdd1
513,Itgb1
514,Pcm1
515,Tmed10
516,Rrm2
517,Zfp706
518,Fzd2
519,Id2
520,Cox6a1
521,Dnm3os
522,Nars
523,E2f3
524,Dynlrb1
525,Fbln1
526,Brd8
527,Mat2a
528,Ywhah
529,Nusap1
530,Prdx6
531,Acp1
532,Fkbp1a
533,Arf1
534,Tax1bp1
535,Slbp
536,Polr2f
537,Lsm6
538,Map4k4
539,Pkn2
540,Smc4
541,Ckap5
542,Ik
543,Eif1b
544,U2af2
545,Atad2
546,Tcea1
547,Tead2
548,Cnn3
549,Sars
550,Ube2c
551,Lyar
552,Tsn
553,Ube2l3
554,Phf5a
555,Ndufs6
556,Gtf3c6
557,Utp11
558,Nsd2
559,Rian
560,Vdac1
561,Lsm4
562,Phf14
563,Gpc6
564,Ostc
565,Celf1
566,Snhg1
567,Wdr43
568,Siva1
569,Igf2bp1
570,Adnp
571,Eloc
572,Lsm7
573,Mdh2
574,Sod1
575,Timm8b
576,Larp7
577,Ndufb11
578,Dtymk
579,Dnaja2
580,Hist1h2ap
581,Gdi2
582,Birc5
583,1110038B12Rik
584,Krtcap2
585,Ldhb
586,Enah
587,Tkt
588,Lsm3
589,Rnd3
590,Ndufa11
591,Bsg
592,Ube2b
593,Ap2a2
594,Zfp91
595,Hmg20b
596,Rbmxl1
597,Wls
598,Eprs
599,Hnrnph3
600,Sept11
601,Strbp
602,Fbn2
603,Yeats4
604,Rhoa
605,Ndufa5
606,Ctcf
607,Pgls
608,Arhgap5
609,Vdac3
610,Bri3
611,Ndufa6
612,Snx6
613,Dctpp1
614,Ptp4a2
615,Gm26917
616,Gmps
617,Slc38a1
618,Ndufa10
619,Tnks2
620,B230219D22Rik
621,Stag1
622,Stip1
623,Usp34
624,Sf3b5
625,Dcun1d5
626,Nipbl
627,Arf4
628,Psmd6
629,Gpatch8
630,Ube2r2
631,Kdm5b
632,Gpx1
633,Gstm5
634,Slirp
635,Ppp2ca
636,Rrm1
637,Rpgrip1
638,Xpo1
639,Psmc5
640,Tmem258
641,Dicer1
642,Eif3i
643,Idh2
644,Gnl3
645,Tspan3
646,Paics
647,Pdgfra
648,Ctnna1
649,Cdc5l
650,Sf3b3
651,Trir
652,Rbm28
653,Bola2
654,Snrpa1
655,Dbn1
656,Fbl
657,Setd5
658,Wdr61
659,Cops9
660,Ndufb4
661,Rbm26
662,Supt5
663,Hdgfl3
664,Tubb4b
665,Mbd3
666,Srp19
667,Erh
668,Akap9
669,Smchd1
670,Zfp292
671,Gabarap
672,Lars2
673,Psma6
674,Igf1r
675,Igf2bp2
676,Rif1
677,Psmd12
678,Aprt
679,Arid1a
680,Cenpe
681,Raly
682,Mcm3
683,Arid4b
684,Zc3h13
685,Rnaseh2c
686,Selenok
687,Cdk2ap1
688,Cenpa
689,Casp8ap2
690,Rbm5
691,Mdh1
692,Ppa1
693,Rbm22
694,Cdh2
695,Phb2
696,Bms1
697,Nolc1
698,Akr1a1
699,Tpx2
700,Arpc2
701,Pitx1
702,Dnajc2
703,Rsrc1
704,Mapre1
705,Tmco1
706,Smdt1
707,Immt
708,Cnot1
709,Zfp644
710,Gm47283
711,Mybbp1a
712,Tnrc6c
713,Ssr3
714,Cetn3
715,Mab21l2
716,Ccdc88a
717,Ppdpf
718,Ddx50
719,Ilf3
720,Ap2b1
721,Impdh2
722,Gnb2
723,Rbbp6
724,Jpt1
725,Id1
726,Cenph
727,Cfl2
728,Cops6
729,Nfib
730,Rab14
731,Eif4e2
732,Psmd1
733,Nsrp1
734,Utp3
735,Rbm17
736,Dpy30
737,Rnf7
738,Polr2i
739,Fscn1
740,Mtch1
741,Nol7
742,Npc2
743,Tsix
744,Txnl1
745,Wbp4
746,Gtpbp4
747,Nfe2l1
748,Rars
749,Brd1
750,Polr1d
751,Ndufa1
752,H1fx
753,Fip1l1
754,2410006H16Rik
755,Hmgcs1
756,Tmem256
757,Cdca8
758,Sf1
759,Prpf38b
760,Ppid
761,Papola
762,Bag1
763,Polr2j
764,Dpysl2
765,Chchd1
766,Laptm4a
767,Zfp36l1
768,Atp6v1e1
769,Vapa
770,Zmiz1
771,Mettl9
772,Timm13
773,Lsm2
774,Esd
775,Brd9
776,Cdk11b
777,Ndufv2
778,Odc1
779,Orc6
780,Ube3a
781,Arf5
782,Capzb
783,Zfp664
784,Msi2
785,Txndc17
786,Mtf2
787,Fstl1
788,Vezf1
789,Cwc15
790,Calm3
791,Usp14
792,Ssr1
793,Hdlbp
794,Slc39a10
795,Kpnb1
796,Hsd17b10
797,Nrep
798,Tmed9
799,Gmnn
800,Mier1
801,Kifap3
802,Cetn2
803,Cdc26
804,Rad21
805,Dad1
806,Ruvbl1
807,Ivns1abp
808,Pfdn2
809,Tbcb
810,Gtf2i
811,Cops5
812,Cox17
813,Col2a1
814,Zfp462
815,Tgs1
816,Runx1t1
817,H1f0
818,Tceal8
819,Bcl7a
820,Srpk1
821,Pafah1b3
822,Naa15
823,Hmcn1
824,Safb
825,Luc7l
826,Anapc13
827,Lsm8
828,Fzd3
829,Cnpy2
830,Ndufb2
831,Ube2d2a
832,Sec11a
833,Smarcad1
834,Vdac2
835,Eif4a3
836,Ash1l
837,Zfp638
838,Aqr
839,Cd81
840,Tsc22d4
841,Syne2
842,Trp53
843,Itm2a
844,Drap1
845,Myl12a
846,Hjurp
847,Psmb7
848,Nt5dc2
849,Ythdf2
850,Prrc2b
851,Srp9
852,Pbdc1
853,Btg1
854,Gjc1
855,Txlna
856,Birc6
857,Atxn10
858,Cyc1
859,Uqcrc1
860,Usp1
861,Adgrl2
862,Epha4
863,Emd
864,Sf3a3
865,Rab2a
866,Wnk1
867,Fn1
868,Rsrp1
869,Trmt112
870,Tcerg1
871,Brd4
872,Zfp326
873,Ndufb3
874,Map2k2
875,Elavl1
876,Phgdh
877,Ehmt1
878,Atox1
879,Tyms
880,Eif4e
881,Ndufv3
882,Mfap4
883,Hmgcr
884,Smarcb1
885,Actl6a
886,Smn1
887,Nsmce4a
888,Tcf25
889,Rbpj
890,R3hdm1
891,Sugt1
892,Epb41
893,Chd6
894,Ncbp2
895,Ndufb10
896,Nudcd2
897,Igf2bp3
898,Nudt5
899,Pak2
900,Kpna3
901,Selenow
902,Usp29
903,Sulf2
904,Ubtf
905,Nudt21
906,N4bp2l2
907,Srp14
908,Msantd4
909,Senp6
910,Sbno1
911,Dbf4
912,Phactr4
913,Srek1
914,Cnot6
915,Smarcd1
916,Mphosph8
917,Nhp2
918,Scand1
919,Yme1l1
920,Thoc2
921,Lman1
922,Micos13
923,Dync1h1
924,Rsf1
925,Snhg8
926,Fndc3c1
927,Rest
928,Ndn
929,Cox7a2l
930,Trps1
931,Cspp1
932,Cdca7
933,Ddx42
934,Taldo1
935,Crebbp
936,Hif1a
937,Atp2b1
938,Rrp1
939,Srpk2
940,Zmynd8
941,Ccdc50
942,Prkar1a
943,Ckap4
944,Rac1
945,Yy1
946,Timm44
947,Taf15
948,Tcof1
949,Psmd11
950,Txnrd1
951,Tcf3
952,Pds5a
953,Cpxm1
954,Tomm6
955,Bnip3l
956,Anapc5
957,Zfand5
958,Hmgn5
959,Cwf19l2
960,Eif4h
961,Tead1
962,Ankrd17
963,Upf2
964,Etfb
965,Sdhb
966,Atp6v1g1
967,Ndufs2
968,Ssbp2
969,Lima1
970,Bub3
971,Znhit1
972,Glyr1
973,Dtl
974,Mcm6
975,Ndufs4
976,Cul1
977,Pcnp
978,N4bp2
979,Pin4
980,Uchl3
981,Nvl
982,Wdr70
983,Uqcrfs1
984,Cisd2
985,Ctdspl2
986,Timm23
987,Ctsl
988,Dnajc7
989,Clic4
990,Dcakd
991,Mapk1ip1l
992,Magt1
993,Eif3g
994,Emg1
995,Tmed2
996,Rfc4
997,Atp2a2
998,Tdg
999,Zfp280d
1000,Psmd8
1001,Arl3
1002,Tacc3
1003,Ppp1cb
1004,Mtrex
1005,Ubap2
1006,Tomm22
1007,Polr2e
1008,Kmt5a
1009,Tmem234
1010,Selenof
1011,Chmp4b
1012,Trpm7
1013,Cped1
1014,Ppp4r3a
1015,Ndufs7
1016,Wdr33
1017,Brd2
1018,Eif3d
1019,Ptbp1
1020,Bod1l
1021,Kmt2e
1022,Pum2
1023,Dnmt3a
1024,Fis1
1025,Flrt3
1026,Tnrc6b
1027,Mex3a
1028,Smap1
1029,Hes1
1030,Prpf8
1031,Acsl3
1032,Prdx4
1033,Tex10
1034,Hpf1
1035,Prc1
1036,Rad23b
1037,2900097C17Rik
1038,Phldb2
1039,Stag2
1040,Klhl9
1041,Eif3l
1042,Maged2
1043,Cggbp1
1044,Gars
1045,Ubxn4
1046,Fgfr1
1047,Limd2
1048,Tbl1x
1049,Spcs1
1050,Sptbn1
1051,Clns1a
1052,Fam104a
1053,Mkln1
1054,Tab2
1055,Svbp
1056,Capn6
1057,Taf10
1058,Sae1
1059,Capza2
1060,Psmc2
1061,Phf6
1062,Midn
1063,Kdelr2
1064,Itch
1065,Pnrc1
1066,Eif3b
1067,Tulp4
1068,Pwwp3a
1069,Hsbp1
1070,Uhrf1
1071,Cdk1
1072,Zfp422
1073,Ppp4r2
1074,Mpped2
1075,Kmt2a
1076,Srrt
1077,Ptprs
1078,Calu
1079,Ctbp1
1080,Clint1
1081,Ranbp2
1082,Hmgn3
1083,Ube2n
1084,Bcl7c
1085,Higd1a
1086,Amot
1087,Klhdc2
1088,Uba2
1089,C1d
1090,Eif4g3
1091,Ndufb6
1092,Pafah1b2
1093,Ralgps2
1094,Col9a1
1095,Kif2a
1096,Mecom
1097,Tmem14c
1098,Ssr2
1099,Psme1
1100,Gcc2
1101,Topbp1
1102,Aifm1
1103,Prim1
1104,Mlec
1105,Mcl1
1106,Gatad2b
1107,Wac
1108,Pfdn6
1109,Ccdc59
1110,Hdac1
1111,Cul3
1112,Golgb1
1113,Alkbh1
1114,Abce1
1115,Col11a1
1116,Trim59
1117,Tbrg1
1118,1810058I24Rik
1119,Ssu72
1120,Adh5
1121,Dynll2
1122,Cdc123
1123,Pdcd11
1124,Mcm4
1125,Ptch1
1126,Fam162a
1127,Pdhb
1128,Gpbp1
1129,Rnf10
1130,Prrc2a
1131,Phf20l1
1132,Clmp
1133,Map1lc3b
1134,Arhgdia
1135,Asph
1136,Rock1
1137,Ago2
1138,Usp9x
1139,Tars
1140,Eapp
1141,Echs1
1142,Smarca2
1143,Fyttd1
1144,Blmh
1145,Commd1
1146,Strap
1147,Fdps
1148,Psmd14
1149,Fundc2
1150,Glg1
1151,Hand2
1152,Nop53
1153,Ccz1
1154,Rbfox2
1155,Spc24
1156,Nifk
1157,Myo1b
1158,Rhobtb3
1159,Resf1
1160,Wdr45b
1161,Stox2
1162,Tsg101
1163,Ube2v2
1164,Usp3
1165,Nrd1
1166,Pcdh18
1167,Asf1a
1168,Msx1
1169,Ier3ip1
1170,Peli1
1171,Ost4
1172,Bcl9
1173,Ubn2
1174,Gm4258
1175,Pet100
1176,Tln1
1177,Zwint
1178,Setd2
1179,Emsy
1180,Mtch2
1181,Ahnak
1182,Strn3
1183,Mast4
1184,App
1185,Sema5a
1186,Dazap1
1187,Rpn2
1188,Edf1
1189,Rbp1
1190,Por
1191,Igsf3
1192,Hsd17b12
1193,Btbd7
1194,Tenm3
1195,Ttc14
1196,Rpap3
1197,Brix1
1198,Ppp2r2a
1199,Ak2
1200,Chd1
1201,Jund
1202,Rbis
1203,Rab5if
1204,Zfand6
1205,Pds5b
1206,Uhrf2
1207,Tnpo1
1208,Fbln2
1209,Tcf7l2
1210,Slc4a7
1211,Got2
1212,Uqcrc2
1213,Zmym4
1214,Tomm5
1215,Phf3
1216,Ralbp1
1217,Pole3
1218,Prpf6
1219,Tipin
1220,Hist1h1e
1221,Lrp1
1222,Wapl
1223,Tle5
1224,Actn4
1225,Ppm1g
1226,Oga
1227,Csnk2b
1228,Gcsh
1229,Spc25
1230,Trip12
1231,Sec63
1232,Cse1l
1233,Lsm12
1234,Mbtd1
1235,Kif15
1236,Tes
1237,Hadha
1238,Psenen
1239,Rbmx
1240,Suclg1
1241,Car14
1242,Crnkl1
1243,Zfr
1244,Cox16
1245,Col4a1
1246,Api5
1247,Rbms1
1248,Glrx5
1249,Cdc25a
1250,Lars
1251,Dnm1l
1252,Rala
1253,Cyp51
1254,Lnpk
1255,Clspn
1256,Ccnt2
1257,Ash2l
1258,Snrpa
1259,Chmp5
1260,Ccnb2
1261,Baz2b
1262,Galnt1
1263,Rsl24d1
1264,Snrnp40
1265,1110038F14Rik
1266,Hirip3
1267,Pom121
1268,Mllt3
1269,Atp6v1f
1270,Arpc1a
1271,Dnttip2
1272,Zfp148
1273,Snrnp48
1274,Aff4
1275,Usp10
1276,BC005561
1277,Rnf20
1278,Ola1
1279,Tomm70a
1280,Rangap1
1281,Puf60
1282,Slc24a5
1283,Senp5
1284,Cfap20
1285,Mesd
1286,Mlf2
1287,S100a11
1288,Hnrnpul2
1289,Paip1
1290,Cdk12
1291,Suz12
1292,Supt6
1293,Atf7ip
1294,Arl6ip6
1295,Timm10b
1296,Ube2v1
1297,Eif4b
1298,Sox9
1299,Casp3
1300,Bccip
1301,Dusp11
1302,Exosc8
1303,Dcaf8
1304,Slc39a6
1305,Gsc
1306,Foxn3
1307,Hectd1
1308,Gabarapl2
1309,Txnl4a
1310,Stk38
1311,Mis18bp1
1312,Ddt
1313,Cyb5a
1314,Grpel1
1315,Psme4
1316,Hand2os1
1317,Selenos
1318,Dlx5
1319,Cenpw
1320,Tsen34
1321,Dpm3
1322,Prrx2
1323,Tro
1324,Dkc1
1325,Prelid1
1326,Pitpnc1
1327,Pin1
1328,Chordc1
1329,Bax
1330,Oip5os1
1331,Zrsr2
1332,Cuta
1333,Twistnb
1334,Asb4
1335,Trp53bp1
1336,Lbr
1337,Ogt
1338,Sgo1
1339,Ccdc124
1340,Brk1
1341,Arpc3
1342,Ddr2
1343,Uba1
1344,Ppp1r10
1345,Rab10
1346,Ciao2a
1347,Ppp4c
1348,Syf2
1349,Lamtor2
1350,Dock7
1351,Ndufa8
1352,Ccnb1
1353,Sf3b4
1354,Zcchc9
1355,Phax
1356,Tnfaip8
1357,Naa35
1358,Coa3
1359,Xbp1
1360,Rbm6
1361,Mtpn
1362,Aurkaip1
1363,Hat1
1364,Polr2g
1365,Rtn3
1366,Dcp2
1367,Lix1
1368,Rnf187
1369,Wtap
1370,Gtf2a2
1371,Gatad2a
1372,Cdc20
1373,Prpf19
1374,Sfxn1
1375,Htatsf1
1376,Naa50
1377,Plagl1
1378,Cited1
1379,Zdbf2
1380,Nrk
1381,Foxd1
1382,Cmpk1
1383,Arhgap28
1384,Phactr2
1385,6330403K07Rik
1386,Klhdc10
1387,Irf2bp1
1388,Cops2
1389,Peg10
1390,Limch1
1391,Satb2
1392,Lpar4
1393,Bola3
1394,Zcchc3
1395,Osr1
1396,1810037I17Rik
1397,Pno1
1398,Zfp260
1399,Sumo3
1400,Cript
1401,Cops3
1402,Cstb
1403,Rab5a
1404,Ift74
1405,Lpp
1406,Pold3
1407,Chd8
1408,Ddx52
1409,Golga4
1410,Ank3
1411,Ndufs8
1412,Zmynd11
1413,Cyfip1
1414,Supt4a
1415,Gadd45gip1
1416,Amotl1
1417,Asap1
1418,Aarsd1
1419,Chtop
1420,Elf2
1421,Pdcd10
1422,Tnrc18
1423,C430049B03Rik
1424,Smndc1
1425,Med28
1426,Nck1
1427,Nsg1
1428,Ube2q1
1429,Ilkap
1430,Ddx54
1431,Txndc9
1432,Ccdc127
1433,Sf3a1
1434,Ryk
1435,Fmr1
1436,Zkscan1
1437,Zfp24
1438,G2e3
1439,Ylpm1
1440,Cir1
1441,Purb
1442,Psmd13
1443,Trim44
1444,Smad2
1445,Smad4
1446,Vim
1447,Zfp503
1448,Hadh
1449,Ist1
1450,Frg1
1451,Ctr9
1452,Impad1
1453,Cdc40
1454,Rab11b
1455,Ndufs3
1456,Rpf1
1457,Ccnl1
1458,Rab18
1459,Yeats2
1460,Zc3h14
1461,Csnk1e
1462,Rp9
1463,Cttn
1464,Akirin2
1465,Eif4a2
1466,Xpo5
1467,Atxn2
1468,Nfyb
1469,Zcchc8
1470,Psmg4
1471,Snx3
1472,Polr2c
1473,Ppwd1
1474,Foxd2os
1475,Tgfb2
1476,Wnt5a
1477,5033428I22Rik
1478,Alx1
1479,Akr7a5
1480,Cachd1
1481,Igf1
1482,Rai14
1483,Mak16
1484,Lef1
1485,Mtap
1486,Unc5c
1487,Ednra
1488,Tmem59
1489,Gnai3
1490,Jarid2
1491,Ccni
1492,Ube2e1
1493,Frmd4a
1494,Nsfl1c
1495,Fam136a
1496,Tshz2
1497,Csnk2a2
1498,Mnat1
1499,Rcn3
1500,Mtx2
1501,Creb5
1502,Stoml2
1503,Pgrmc1
1504,Vegfb
1505,Cdc34
1506,Vps72
1507,Csnk1g3
1508,Trip13
1509,Pfdn4
1510,Ube2m
1511,Naa10
1512,Polr3k
1513,Alx4
1514,March5
1515,Kif26b
1516,Tomm40
1517,Rheb
1518,Med21
1519,Eif2s3x
1520,Srek1ip1
1521,Polr2b
1522,Cops4
1523,Smim11
1524,Map1b
1525,Tcf20
1526,Dclk1
1527,Kctd12
1528,Foxp2
1529,Pcdh10
1530,Efnb2
1531,Ier2
1532,Jun
1533,Dlx6os1
1534,Zfas1
1535,Net1
1536,Bub1b
1537,Epb41l3
1538,Nbea
1539,Axin2
1540,Hist1h4d
1541,Mir99ahg
1542,Dnajc1
1543,Lrig3
1544,Incenp
1545,Psmg2
1546,Atg12
1547,Racgap1
1548,Hist1h3c
1549,Emx2
1550,Sema3a
1551,Pbk
1552,Chd7
1553,Hmmr
1554,Cenpq
1555,Bmpr1a
1556,Kif11
1557,Luzp1
1558,Dcaf1
1559,Akap13
1560,Hist1h4i
1561,Pdlim4
1562,Ramac
1563,Fbxo5
1564,Hnrnph2
1565,Med4
1566,Npm3
1567,6720427I07Rik
1568,Ncapd2
1569,Pbx3
1570,Mns1
1571,Oxct1
1572,Csnk1g2
1573,Paip2b
1574,Palld
1575,Kras
1576,Cenpk
1577,Zc3h18
1578,Otub1
1579,Shox2
1580,Tril
1581,Cdh6
1582,Slf1
1583,Lsp1
1584,Tmem132c
1585,Tbx3
1586,Adprh
1587,Osr2
1588,Nudt4
1589,Tbx2
1590,D10Wsu102e
1591,Fermt2
1592,Flrt2
1593,Robo1
1594,Crlf1
1595,Gli3
1596,Nbl1
1597,Etnk1
1598,Snx5
1599,Ppp4r3b
1600,Arid5b
1601,Adss
1602,Lhx8
1603,Snhg6
1604,Cnn2
1605,Ccdc174
1606,Eif2a
1607,Ppp2r2d
1608,Cxcl14
1609,Pax3
1610,Gm43376
1611,Frmd6
1612,Col26a1
1613,Ak6
1614,Suclg2
1615,Hk2
1616,Sp3
1617,Sap18
1618,Bud31
1619,Zcchc17
1620,Ep400
1621,Znrd1
1622,Hddc2
1623,Bcl11b
1624,Ankrd12
1625,Mphosph10
1626,Acat2
1627,Gm49708
1628,Gpi1
1629,Trim24
1630,Nsmce2
1631,Elovl6
1632,Haus3
1633,Epha3
1634,Fign
1635,Irx3
1636,Twist2
1637,Tshz1
1638,Scube1
1639,Sesn3
1640,Inip
1641,Hsf2
1642,Adk
1643,Tfdp2
1644,Gsta4
1645,Cdca3
1646,Epb41l2
1647,Idh1
1648,Exoc3
1649,Casd1
1650,Ccne1
1651,Usp46
1652,Srpr
1653,Copb2
1654,Taf1
1655,Etf1
1656,Nrip1
1657,Hook3
1658,Rpa3
1659,1500009L16Rik
1660,Spg20
1661,Atad5
1662,Numa1
1663,Nop14
1664,Rnf219
1665,Lyrm2
1666,Zzz3
1667,Sfrp2
1668,Pkdcc
1669,Fli1
1670,Elof1
1671,Col23a1
1672,Kif20b
1673,Dhx40
1674,Chmp3
1675,Rev3l
1676,Meis1
1677,Cxcl12
1678,Sema6a
1679,Ebf3
1680,Plod2
1681,Sfrp1
1682,Epha7
1683,Zfp322a
1684,Kit
1685,0610010K14Rik
1686,Mpc2
1687,Hist1h1a
1688,Hist1h1d
1689,Hist2h2ac
1690,Aurkb
1691,Fam111a
1692,Blm
1693,Dhfr
1694,Gps2
1695,Nelfe
1696,Chaf1a
1697,Ddx27
1698,Esco2
1699,Cep295
1700,Rad51ap1
1701,Knl1
1702,Pola1
1703,Ipo5
1704,Dleu2
1705,Hist1h2bm
1706,Hist1h3e
1707,Ccne2
1708,Slitrk6
1709,Dusp6
1710,Lhx6
1711,Gng2
1712,Eya1
1713,Etv1
1714,Bex4
1715,Idi1
1716,Ddx39
1717,Ipo7
1718,Srm
1719,Ssr4
1720,Tma16
1721,Mpp6
1722,Pum3
1723,Tmem131l
1724,Bex1
1725,Las1l
1726,Cbr1
1727,Six1
1728,Znrd2
1729,Ywhag
1730,Fam92a
1731,Igfbp5
1732,Igfbp2
1733,Cadm1
1734,Cux1
1735,Pcbp4
1736,Parm1
1737,Zfp704
1738,Pfn2
1739,Gprasp1
1740,Gkap1
1741,Larp4
1742,Elp1
1743,Hs6st2
1744,Slf2
1745,Acta2
1746,Arpc5l
1747,Dst
1748,Ubtd2
1749,Snhg3
1750,Arl5a
1751,Sparc
1752,Cisd1
1753,Tnpo3
1754,Mef2a
1755,Bnip2
1756,Atf4
1757,Rpf2
1758,Lta4h
1759,Akap8
1760,Lrrc58
1761,Rtcb
1762,Picalm
1763,March7
1764,Nmral1
1765,Aco2
1766,Mycbp
1767,Impa1
1768,Timp3
1769,Col4a2
1770,Msn
1771,Myh9
1772,Actr2
1773,Cdh5
1774,Nes
1775,Elk3
1776,Ppic
1777,Ptbp3
1778,Rock2
1779,Lamp1
1780,Wasf2
1781,Myo18a
1782,Anxa2
1783,Ets1
1784,Nid1
1785,Itga6
1786,Col18a1
1787,Rap1b
1788,Ap2s1
1789,Adam10
1790,Anxa5
1791,Cd2ap
1792,Akap12
1793,Aplp2
1794,Atp1b3
1795,Rbpms
1796,Ccdc85b
1797,Rab1a
1798,Cd34
1799,Chmp2a
1800,Abcg2
1801,Tmbim6
1802,Bcap31
1803,Abhd17a
1804,Dock1
1805,Tjp1
1806,Emcn
1807,Ppp1r2
1808,Mbnl2
1809,Pcdh17
1810,Spag9
1811,Iqgap1
1812,Arpc4
1813,Rhob
1814,Nrp1
1815,Wdr1
1816,Arhgap29
1817,Tmod3
1818,Arcn1
1819,Glud1
1820,Map4
1821,Rab11a
1822,Jak1
1823,S100a16
1824,Nrp2
1825,Igf2r
1826,0610012G03Rik
1827,Pecam1
1828,Lrrc59
1829,AI506816
1830,Capza1
1831,Plekho1
1832,Egfl7
1833,Pls3
1834,Ube2a
1835,Cuedc2
1836,Dnajb11
1837,Ramp2
1838,Igfbp3
1839,Ddost
1840,Sptan1
1841,Cemip2
1842,Dph3
1843,Crip2
1844,Lamb1
1845,Ubald2
1846,Galk1
1847,Pitpna
1848,Bcl10
1849,Nras
1850,Cnih4
1851,Raph1
1852,Ufc1
1853,Atp6v0e
1854,Baz1a
1855,Arhgap18
1856,Mob1a
1857,Mbnl1
1858,Ipo11
1859,F2r
1860,Rasa1
1861,Larp4b
1862,Acly
1863,Ankrd49
1864,Klf7
1865,Reep5
1866,Dip2b
1867,Otulin
1868,Sh3bp5
1869,Fyn
1870,Plvap
1871,Sec13
1872,Tmem165
1873,Rhoc
1874,Atp1a1
1875,Dars
1876,Pja2
1877,Fam49b
1878,Jmjd1c
1879,Ilk
1880,Capns1
1881,Med8
1882,Cdc42se1
1883,Copa
1884,Mob4
1885,Ptk2
1886,Dnajc3
1887,Mycbp2
1888,Mprip
1889,Lama4
1890,Ccdc12
1891,Cope
1892,Hras
1893,Dennd5b
1894,Abcf2
